id,name,url
US,University of the Southwest,http://www.usw.edu/
BR,Universidade de Fortaleza,http://www.unifor.br/
JP,Toho College of Music,http://www.toho-music.ac.jp/
NI,Universidad de Managua (U de M),http://www.udem.edu.ni/
US,Schreiner College,http://www.schreiner.edu/
US,Albany State University,http://www.asurams.edu/
BO,Universidad Nuestra Senora de La Paz,http://www.unslp.edu.bo/
SK,Slovak Medical University,http:///www.szu.sk/
TR,Bilkent University,http://www.bilkent.edu.tr/
VN,University of Da Nang,http://www.udn.vn/
IN,University of Calicut,http://unical.ac.in/
IN,Krishna University,http://www.krishnauniversity.ac.in/
US,Fred Hutchinson Cancer Research Center,http://www.fhcrc.org/
US,University of Wyoming,http://www.uwyo.edu/
BY,Belarussian State University of Culture and Arts,http://www.buk.by/
ET,Bahir Dar University,http://www.bdu.edu.et/
CO,Universidad de Manizales,http://www.umanizales.edu.co/
IN,"Indian Institute of Technology, Bombay",http://www.iitb.ac.in/
CZ,Prague International University,http://www.mpu-prague.cz/
KR,Seoul National University of Education,http://www.seoul-e.ac.kr/
DE,Albert-Ludwigs-Universität Freiburg,http://www.uni-freiburg.de/
US,Darton College,http://www.darton.edu/
IN,Mahatma Jyotiba Phule Rohilkhand University Bareilly ,http://www.mjpru.ac.in/
US,Canisius College,http://www.canisius.edu/
TW,National United University,http://www.nuu.edu.tw/
IR,Semnan University of Medical Sciences,http://www.sem-ums.ac.ir/
CN,Changchun Teachers College,http://www.cncnc.edu.cn/
JP,Poole Gakuin University,http://www.poole.ac.jp/
US,Wichita State University,http://www.twsu.edu/
SV,Universidad Pedagógica de El Salvador,http://www.universidadpedagogica.com/
YE,Saba University,http://www.sabauni.net/
GB,University of Stirling,http://www.stir.ac.uk/
TZ,Sebatian Kolowa University College,http://www.sekuco.org/
US,"University of Maine, Machias",http://www.umm.maine.edu/
US,"City University of New York, Bernard M. Baruch College",http://www.baruch.cuny.edu/
CN,Jilin University of Technology,http://www.jut.edu.cn/
IT,University Institute of Architecture Venice,http://www.iuav.unive.it/
RW,Adventist University of Central Africa,http://www.auca.ac.rw/
US,Piedmont Baptist College,http://www.pbc.edu/
MX,Universidad Cuauhtémoc,http://www.cuauhtemoc.edu.mx/
US,Indiana University at South Bend,http://www.iusb.edu/
BY,Belarussian State University,http://www.bsu.by/
UA,Vinnica National Technical University,http://www.vstu.vinnica.ua/
US,Wilkes University,http://www.wilkes.edu/
ID,Universitas Terbuka Indonesia,http://www.ut.ac.id/
PH,Benguet State University,http://www.bsu.edu.ph/
CN,Capital University of Economics and Business,http://www.cueb.edu.cn/
US,Grand Valley State University,http://www.gvsu.edu/
BD,Rajshahi University of Engineering and Technology,http://www.ruet.ac.bd/
US,IntelliTec College - Grand Junction,http://www.intelliteccollege.edu/
DZ,Centre Universitaire de Tiaret,http://www.univ-tiaret.dz/
US,Columbia College Hollywood,http://www.columbiacollege.edu/
US,Indiana University at Bloomington,http://www.iub.edu/
US,Mount Carmel College of Nursing,http://www.mccn.edu/
ID,Universitas Kristen Petra,http://www.petra.ac.id/
PH,University of the Philippines Baguio,http://www.upb.edu.ph/
US,Augustana College,http://www.augustana.edu/
FR,"Ecole Européenne de Chimie, Polymères et Matériaux de Strasbourg",http://www-ecpm.u-strasbg.fr/
ID,Institut Sains dan Teknologi Al Kamal,http://www.ista.ac.id/
US,Southern Methodist University,http://www.smu.edu/
AZ,Azerbaijan Diplomatic Academy,http://www.ada.edu.az/
UA,National Mining University,http://www.nmu.org.ua/
US,Brevard College,http://www.brevard.edu/
BH,Arab Open University,http://www.aou.org.bh/
MN,Mongolian State University of Education,http://www.msue.edu.mn/
US,University of Mary,http://www.umary.edu/
CN,Kunmimg University of Science and Technology,http://www.kmust.edu.cn/
PL,University of Wamia and Masuria in Olsztyn,http://www.uwm.edu.pl/
FR,Université de Franche-Comté,http://www.univ-fcomte.fr/
PT,Instituto Politécnico do Cávado e do Ave,http://www.ipca.pt/
JP,Yokkaichi University,http://www.yokkaichi-u.ac.jp/
IN,Visvesvaraya Technological University,http://www.vtu.ac.in/
US,Texas Tech University,http://www.ttu.edu/
SE,Stockholm University,http://www.su.se/
US,Goddard College,http://www.goddard.edu/
JP,Kurashiki University of Science and the Arts,http://www.kusa.ac.jp/
RU,Ivanovo State University,http://www.ivanovo.ac.ru/
BE,Université de Mons-Hainaut,http://www.umh.ac.be/
IT,"University of Roma ""La Sapienza""",http://www.uniroma1.it/
ES,IE University,http://www.ie.edu/
PH,Ateneo de Naga University,http://www.adnu.edu.ph/
FR,Université des Sciences Humaines (Strasbourg II),http://ushs.u-strasbg.fr/
FR,Ecole Nationale Supérieure de Physique de Marseille,http://www.enspm.u-3mrs.fr/
US,Liberty University,http://www.liberty.edu/
IN,Sri Venkateswara Institute of Medical Sciences,http://svimstpt.ap.nic.in/
FR,Université d'Orléans,http://www.univ-orleans.fr/
PT,Universidade Autónoma de Lisboa Luís de Camoes,http://www.universidade-autonoma.pt/
US,University of Mobile,http://www.umobile.edu/
IN,Mahatma Phule Agricultural University,http://mpkv.mah.nic.in/
JP,Ohtani Women's University,http://www.ohtani-w.ac.jp/
ID,Universitas Pasundan,http://www.unpas.ac.id/
TR,Pamukkale University,http://www.pamukkale.edu.tr/
PK,"COMSATS Institute of Information Technology, Wah",http://www.ciit-wah.edu.pk/
MX,Universidad de Colima,http://www.ucol.mx/
US,Point Loma Nazarene College,http://www.ptloma.edu/
US,McNeese State University,http://www.mcneese.edu/
SA,College of Telecommunication & Information ,http://www.cti.edu.sa/
CN,Southern Medial University,http://www.fimmu.edu.cn/
DE,Evangelische Fachhochschule Rheinland-Westfalen-Lippe,http://www.efh-bochum.de/
CU,Universidad de Ciego de Avila,http://www.unica.cu/
PK,NED University of Engineering and Technology Karachi,http://www.neduet.edu.pk/
CA,Huron University College,http://www.huronuc.on.ca/
VN,Ho Chi Minh City University of Architecture,http://www.uah.edu.vn/
ID,Universitas Narotama,http://www.narotama.ac.id/
ID,Universitas Muhammadiyah Jakarta,http://www.umj.ac.id/
RU,Saratov State Socio-Economic University,http://www.ssea.runnet.ru/
JP,Musashino Art University,http://www.musabi.ac.jp/
NO,Norway's Information Technology University College,http://www.nith.no/
GB,University of Wales College of Medicine,http://www.uwcm.ac.uk/
US,University of Southern Maine,http://www.usm.maine.edu/
MM,International Theravada Buddhist Missionary University,http://www.itbmu.org.mm/
CA,Wilfrid Laurier University,http://www.wlu.ca/
US,Dominican College of San Rafael,http://www.dominican.edu/
FR,Institut Textile et Chimique de Lyon,http://www.itech.fr/
SE,Göteborg University,http://www.gu.se/
IN,Amravati University,http://www.amtuni.com/
CN,Wenzhou University,http://www.wzu.edu.cn/
US,New Jersey City University,http://www.njcu.edu/
GH,Ghana Christian University College,http://www.ghanacu.org/
TZ,Sokoine University of Agriculture,http://www.suanet.ac.tz/
LB,"Arts, Sciences and Technology University",http://www.aul.edu.lb/
US,Southwestern Oklahoma State University,http://www.swosu.edu/
CN,Hunan University,http://www.hunu.edu.cn/
AL,Academy of Arts,http://www.akademiaearteve.edu.al/
CH,International University in Geneva,http://www.iun.ch/
CO,Universidad de Caldas,http://www.ucaldas.edu.co/
IN,Dr. Babasaheb Ambedkar Technological University,http://www.dbatechuni.org/
FR,Université de Marne la Vallée,http://www.univ-mlv.fr/
US,Agnes Scott College,http://www.scottlan.edu/
ZW,University of Zimbabwe,http://www.uz.ac.zw/
KR,Hyupsung University,http://www.hyupsung.ac.kr/
BG,"Veliko Turnovo University ""Cyril and Methodius""",http://www.uni-vt.bg/
US,Meredith College,http://www.meredith.edu/
US,Hilbert College,http://www.hilbert.edu/
US,American University,http://www.american.edu/
MX,Universidad del Noroeste,http://www.uno.mx/
JP,Kagoshima University,http://www.kagoshima-u.ac.jp/
CN,Southwest Agricultural University,http://www.swau.edu.cn/
IN,Sambalpur University,http://www.sambalpuruniversitypgc.in/
HU,Andrassy Gyula German Speaking University Budapest,http://www.andrassyuni.hu/
PH,De La Salle University,http://www.dlsu.edu.ph/
CL,Universidad de Los Andes,http://www.uandes.cl/
JP,Tokyo Metropolitan Institute of Technology,http://www.tmit.ac.jp/
MX,Universidad Regiomontana,http://www.ur.mx/
PT,Universidade dos Acores,http://www.uac.pt/
MY,Murni Nursing College,http://www.murni.edu.my/
VN,Foreign Trade University,http://www.ftu.edu.vn/
KG,"Medical Faculty, Osh State University",http://www.oshmed.com/
US,Northern Kentucky University,http://www.nku.edu/
DE,E.A.P. Europäische Wirtschaftshochschule Berlin,http://www.eap.net/
FR,Université des Sciences Sociales (Toulouse I),http://www.univ-tlse1.fr/
US,San Francisco Conservatory of Music,http://www.sfcm.edu/
IL,Hebrew University of Jerusalem,http://www.huji.ac.il/
US,Mills Grae University,http://www.mgu.edu/
KE,Scott Christian University,http://www.scott.ac.ke/
JP,Osaka University of Arts,http://www.osaka-geidai.ac.jp/
IQ,University of Kufa,http://www.uokufa.edu.iq/
RU,"Moscow State Institute of Radiotechnics, Electronics and Automation (Technical University)",http://www.mirea.ru/
ID,Universitas Trilogi,http://www.universitas-trilogi.ac.id/
JP,Wakkanai Hokusei Gakuen University,http://www.wakhok.ac.jp/
FR,Ecole Supérieure des Sciences et Technologie de l'Ingénieur de Nancy,http://www.esstin.u-nancy.fr/
CA,St. Paul University,http://www.ustpaul.ca/
US,Benedictine University,http://www.ben.edu/
NG,Joseph Ayo Babalola University,http://www.jabu.edu.ng/
US,Community College of Denver,http://ccd.rightchoice.org/
NG,Osun State University,http://www.uniosun.edu.ng/
IN,University of Media Arts,http://www.uma.ac.in/
ID,Universitas Negeri Medan,http://www.unimed.ac.id/
US,University of Texas at El Paso,http://www.utep.edu/
JP,Chuo University,http://www.chuo-u.ac.jp/
FR,Ecole Nationale Supérieure des Mines de Douai,http://www.ensm-douai.fr/
MX,Universidad Kino,http://www.unikino.mx/
MM, Technological University (Yangon),http://www.most.gov.mm/ytu/
LV,Police Academy of Latvia,http://www.polak.edu.lv/
IN,Dr. Panjabrao Deshmukh Krishi Vidyapeeth,http://www.pdkv.ac.in/
MA,Institut Supérieur de Commerce et d'Administration des Entreprises,http://www.groupeiscae.ma/
US,Central College,http://www.central.edu/
RU,Biysk State Padagogical University after V.M. Shukshin ,http://www.bigpi.biysk.ru/wwwsite/
IN,Kerala University of Fisheries and Ocean Sciences,http://www.kufos.ac.in/
ID,Universitas Pancasakti Tegal,http://www.upstegal.ac.id/
FR,Université Michel de Montaigne (Bordeaux III ),http://www.montaigne.u-bordeaux.fr/
RU,Moscow Power Engineering Institute (Technical University),http://www.mpei.ac.ru/
PH,University of the City of Manila,http://www.plm.edu.ph/
CN,China Foreign Affairs University,http://www.cfau.edu.cn/
US,Ozark Christian College,http://www.occ.edu/
US,University of Management & Technology,http://www.umtweb.edu/
EC,Universidad Nacional de Chimborazo,http://www.unach.edu.ec/
US,Lynchburg College,http://www.lynchburg.edu/
BR,Universidade Federal do Rio de Janeiro,http://www.ufrj.br/
US,Oklahoma State University - Institute of Technology,http://www.osuit.edu/
ID,Universitas Syiah Kuala,http://www.unsyiah.ac.id/
IN,"National Institute of Technology, Rourkela",http://www.nitrkl.ac.in/
US,Gratz College,http://www.gratzcollege.edu/
BR,Universidade Paulista,http://www.unip-objetivo.br/
AU,University of Technology Sydney,http://www.uts.edu.au/
PL,"State Film, Television and Theatre Higher School Leon Schiller in Lodz",http://www.filmowka.lodz.pl/
IN,Nagpur University,http://www.nagpur-university.com/
IT,University of Urbino,http://www.uniurb.it/
BR,Universidade Federal do Ceará,http://www.ufc.br/
PK,Qurtuba University of Science and Infromation Technology,http://www.qurtuba.edu.pk/
US,Hampton University,http://www.hamptonu.edu/
NG,Kwara State Polytecnic,http://www.kwarapoly.edu.ng/
JP,Hachinohe Institute of Technology,http://www.hi-tech.ac.jp/
TC,Charisma University,http://www.charismauniversity.org/
CL,Universidad Francisco de Aguirre,http://www.unfa.cl/
TN,Université de Sfax,http://www.uss.rnu.tn/
PK,"Preston University, Pakistan Campus",http://www.prestonpak.edu.pk/
LT,Vilnius University,http://www.vu.lt/
JP,Nortre Dame Seishin University,http://www.ndsu.ac.jp/
US,Wittenberg University,http://www.wittenberg.edu/
US,Lane College,http://www.lanecollege.edu/
US,Notre Dame College of Ohio,http://www.ndc.edu/
SK,Slovak University of Technology in Bratislava,http://www.stuba.sk/
TH,Assumption University of Thailand,http://www.au.edu/
ID,Politeknik Negeri Semarang,http://www.polines.ac.id/
JP,University of the Ryukyus,http://www.u-ryukyu.ac.jp/
JP,Seikei University,http://www.seikei.ac.jp/
PL,University of Gdansk,http://www.univ.gda.pl/
JP,Ibaraki University,http://www.ibaraki.ac.jp/
IN,ARYA Institute of Engineering & Technology,http://www.aryainstitutejpr.com/
TN,Instituts Supérieurs de Formation des Maîtres,http://www.disfm.rnu.tn/
FO,University of the Faroe Islands,http://www.setur.fo/
RU,St. Petersburg StateMechnikov  Medical Academy,http://www.spsmma.com/
US,"Mercer University, Cecil B. Day Campus",http://www.mercer.edu/cbd/
CL,Universidad de Concepcion,http://www.udec.cl/
SN,Université Dakar Bourguiba,http://www.udb.sn/
CR,Universidad Braulio Carrillo,http://www.universidadbrauliocarrillo.com/
US,Kankakee Community College,http://www.kankakeecc.org/
US,Delaware State University,http://www.dsc.edu/
JP,Kochi University,http://www.kochi-u.ac.jp/
KE,Presbyterian University of East Africa,http://www.puea.ac.ke/
CA,McMaster University,http://www.mcmaster.ca/
BE,Université Libre de Bruxelles,http://www.ulb.ac.be/
TW,TaiChung Healthcare and Management University,http://www.thmu.edu.tw/
CA,"École nationale d'administration publique, Université du Québec",http://www.enap.uquebec.ca/
BR,Universidade Federal de Lavras,http://www.ufla.br/
CA,University of Victoria,http://www.uvic.ca/
CO,Universidad de Sucre,http://www.unisucre.edu.co/
TH,"Rajamangala University of Technology, Phra Nakhon",http://www.rmutp.ac.th/
EG,Helwan University,http://www.helwan.edu.eg/
US,College of the Atlantic,http://www.coa.edu/
CA,Concordia University College of Alberta,http://www.concordia.ab.ca/
US,Adams State College,http://www.adams.edu/
TH,Siam University,http://www.siam.edu/
EG,American University in Cairo,http://www.aucegypt.edu/
DE,Hochschule für Technik und Wirtschaft des Saarlandes,http://www.htw-saarland.de/
MX,Universidad Franco-Mexicana,http://www.ufram.edu.mx/
US,Jones International University,http://www.jonesinternational.edu/
ID,Universitas Sarjanawiyata Tamansiswa,http://www.sarjanawiyata.ac.id/
US,Occidental College,http://www.oxy.edu/
NG,Sokoto State University ,http://www.ssu.edu.ng/
CA,Université du Québec en Outaouais,http://www.uqo.ca/
AZ,Western University,http://www.wu.edu.az/
US,Arcadia University,http://www.arcadia.edu/
PK,Arid Agriculture University,http://www.uaar.edu.pk/
FR,Ecole Nationale des Travaux Publics de l'Etat,http://www.entpe.fr/
ES,Universidad de La Rioja,http://www.unirioja.es/
US,Northeastern State University,http://www.nsuok.edu/
GR,Technical University of Crete,http://www.tuc.gr/
US,Sullivan College,http://www.sullivan.edu/
IE,University College Cork,http://www.ucc.ie/
VN,FPT University,http://www.fpt.edu.vn/
US,Southern Arkansas University,http://www.saumag.edu/
JP,Gifu Pharmaceutical University,http://www.gifu-pu.ac.jp/
US,Gordon College,http://www.gordon.edu/
LV,National Defence Academy of Latvia,http://www.mil.lv/
HN,"Universidad Pedagógica Nacional ""Francisco Morazán""",http://www.upnfm.edu.hn/
US,Framingham State College,http://www.framingham.edu/
KW,Kuwait International Law School,http://www.kilaw.edu.kw/
NP,Purbanchal University,http://www.purbuniv.edu.np/
CY,Cyprus International Institute of Management (CIIM),http://www.ciim.ac.cy/
KR,Kaya University,http://www.kaya.ac.kr/
CO,Centro de Estudios Investigación y Tecnología (CEIT),http://www.iceit.edu.co/
PR,"Universidad de Puerto Rico, Ponce",http://upr-ponce.upr.edu/
GY,Gemsville Technical University,http://www.gemsvilleuniversity.com/
GR,Technological Education Institute of Serres,http://www.teiser.gr/
PT,Universidade Aberta Lisboa,http://www.univ-ab.pt/
AF,Jawzjan University,http://www.ju.edu.af/
US,Spalding University,http://www.spalding.edu/
US,Westminster College of Salt Lake City,http://www.wcslc.edu/
NP,Pokhara University,http://www.pu.edu.np/
MX,Universidad de Montemorelos,http://www.umontemorelos.edu.mx/
VN,Vietnam Maritime University,http://www.vimaru.edu.vn/
CO,Universidad Católica de Colombia,http://www.ucatolica.edu.co/
IN,First Global University to teaching Jainism,http://www.jainuniversity.org/
CN,Fujian University of Traditional Chinese Medicine,http://www.fjtcm.edu.cn/
RO,University of Pitesti,http://www.upit.ro/
RU,Tyumen State University of Gas and Oil,http://www.tsogu.ru/
US,Paine College,http://www.paine.edu/
US,Detroit College of Business - Flint,http://www.davenport.edu/e3front.dll?durki=1283
BR,Universidade Regional do Noroeste do Estado do Rio Grande do Sul,http://www.unijui.tche.br/
BR,Universidade Federal do Pará,http://www.ufpa.br/
SV,Universidad de Sonsonate,http://www.usonsonate.edu.sv/
TR,Galatasaray University,http://www.gsu.edu.tr/
GR,Aristotle University of Thessaloniki,http://www.auth.gr/
KR,Korea Advanced Institute of Science & Technology,http://www.kaist.ac.kr/
VN,Hanoi National Economics University,http://www.neu.edu.vn/
JP,Daito Bunka University,http://www.daito.ac.jp/
PK,University of Malakand,http://www.uom.edu.pk/
ID,Trisakti Institute of Tourism ,http://www.stptrisakti.ac.id/
US,"Florida Metropolitan University, Tampa College",http://www.fmu.edu/762/f-762.htm
US,Tusculum College,http://www.tusculum.edu/
MX,Universidad España de Durango,http://www.unes.edu.mx/
UA,Ukrainian Academy of Pharmacy,http://www.ukrfa.kharkov.ua/
US,Scholl College of Podiatric Medicine,http://www.scholl.edu/
IL,Ariel University Center of Samaria,http://www.ariel.ac.il/
NL,Roosevelt Academy University College,http://www.roac.nl/
CA,Trinity Western University,http://www.twu.ca/
US,Virginia State University,http://www.vsu.edu/
JP,Miyagi University,http://www.myu.ac.jp/
US,Worcester Polytechnic Institute,http://www.wpi.edu/
ES,Universidad Cardenal Herrera-CEU,http://www.uchceu.es/
HU,Hungarian Academy of Craft and Design,http://www.mif.hu/
JP,Sagami Women's University,http://www.sagami-wu.ac.jp/
BR,Faculdade Italo Brasileira,http://www.italo.br/
RU,Magnitogorsk State University,http://www.masu.ru/
IN,Jai Prakash University,http://jpv.bih.nic.in/
US,"California State University, Fullerton",http://www.fullerton.edu/
NG,Crawford University ,http://www.crawforduniversity.edu.ng/
AZ,Sumgait State University,http://www.sdu.edu.az/
IR,Payame Noor University,http://www.pnu.ac.ir/
JP,Kanazawa Medical University,http://www.kanazawa-med.ac.jp/
US,Berean University of the Assemblies of God,http://www.berean.edu/
RU,Volgograd State University,http://www.volsu.ru/
HU,Debrecen University of Agricultural Sciences,http://www.agr.unideb.hu/
US,Medical College of Ohio,http://www.mco.edu/
CR,Universidad de San José,http://www.universidadsanjosecr.com/
US,University of Mississippi,http://www.olemiss.edu/
DO,Universidad Abierta Para Adultos,http://www.uapa.edu.do/
US,University of Phoenix,http://www.phoenix.edu/
TW,Soochow University,http://www.scu.edu.tw/
JP,St. Marianna University School of Medicine,http://www.marianna-u.ac.jp/
MA,Institut National des Postes et Télécommunications,http://www.inpt.ac.ma/
US,Great Lakes Christian College,http://www.glcc.edu/
HU,University of Veterinary Science,http://www.univet.hu/
IQ,Baghdad College of Pharmacy,http://www.bpc.edu.iq/
CN,Xi'an University of Electronic Science and Technology,http://www.xidian.edu.cn/
,Institute of Information Technology,http://www.iit.com.na/
AU,University of Tasmania,http://www.utas.edu.au/
FR,Université de Metz,http://www.univ-metz.fr/
HU,University of Horticulture and Food Industry,http://www.kee.hu/
FI,Abo Akademi University,http://www.abo.fi/
US,"Davenport College of Business, Lansing",http://www.davenport.edu/lansing/
IL,Open University of Israel,http://www.openu.ac.il/
CN,Sichuan Agricultural University,http://www.sicau.edu.cn/
TR,Turkish Military Academy,http://www.kho.edu.tr/
GR,American College of Greece,http://www.acg.gr/
DE,Friedrich-Alexander Universität Erlangen-Nürnberg,http://www.uni-erlangen.de/
US,Appalachian State University,http://www.appstate.edu/
FR,Ecole Nationale Supérieure des Telecommunications de Paris,http://www.enst.fr/
US,Research College of Nursing - Rockhurst University,http://www.rockhurst.edu/3.0/academic_programs/nursing/admis3.html
CN,China University of Geoscience Beijing,http://www.cugb.edu.cn/
IN,Awadhesh Pratap Singh University,http://www.apsurewa.nic.in/
IT,University of Pisa,http://www.unipi.it/
US,Rose-Hulman Institute of Technology,http://www.rose-hulman.edu/
PE,Universidad Peruana Cayetano Heredia,http://www.upch.edu.pe/
TW,Taipei Physical Education College,http://www.tpec.edu.tw/
BY,Belarussian State University of Transport,http://www.belsut.gomel.by/
US,Malone College,http://www.malone.edu/
DE,Fachhochschule für Oekonomie und Management (FOM),http://www.fom.de/
US,University of Wisconsin - Stevens Point,http://www.uwsp.edu/
CN,Tibet University,http://www.utibet.edu.cn/
MX,"Universidad Iberoamericana, Campus León",http://www.leon.uia.mx/
US,Cardinal Stritch University,http://www.stritch.edu/
FR,Ecole Nationale Supérieure de Physique de Strasbourg,http://www-ensps.u-strasbg.fr/
IN,Vikram University,http://www.vikramuniversity.org/
JO,Arab Open University,http://www.aou.edu.jo/
IQ,University of Dohuk (Kurdistan Region),http://www.uod.ac/
MX,"Instituto Politécnico Nacional, Campus Guanajuato",http://www.upiig.ipn.mx/
IQ,Thi Qar University,http://www.thiqaruni.org/
FR,Université de Valenciennes et du Hainaut-Cambrésis,http://www.univ-valenciennes.fr/
GE,Tbilisi State University,http://www.tsu.edu.ge/
CN,Shanghai Second Polytechnic University,http://www.shspu.edu.cn/
SK,Catholic University in Ruzomberok,http://www.ku.sk/
JP,Hiroshima University of Economics,http://www.hue.ac.jp/
JP,Tsuda College,http://www.tsuda.ac.jp/
JP,Yasuda Women's University,http://www.yasuda-u.ac.jp/
RS,University of Belgrade,http://www.bg.ac.rs/
US,St. Lawrence University,http://www.stlawu.edu/
US,Erskine College,http://www.erskine.edu/
TR,Mustafa Kemal University,http://www.mku.edu.tr/
US,Columbia University,http://www.columbia.edu/
US,Texas A&M University - Corpus Christi,http://www.tamucc.edu/
US,Hiram College,http://www.hiram.edu/
CN,Zhongnan University of Technology,http://www.zhnut.edu.cn/
US,Arlington Baptist College,http://www.abconline.edu/
CN,Inner Mongolia Agricultural University,http://www.imau.edu.cn/
TN,Université de la Manouba,http://www.uma.rnu.tn/
JP,Tokyo University of Agriculture,http://www.nodai.ac.jp/
US,Monterey Institute of International Studies,http://www.miis.edu/
DE,Philosophisch-Theologische Hochschule Vallendar der Gesellschaft des Katholischen Apostolates (Pallottiner),http://www.pthv.de/
PL,Technical University of Gdansk,http://www.pg.gda.pl/
US,Earlham College,http://www.earlham.edu/
MV,Maldives National University,http://www.mnu.edu.mv/
PK,College of Business Management ( CBM ),http://www.cbm.edu.pk/
IR,Baghyatoolah Medical Sciences University,http://www.bmsu.ac.ir/
US,University of Maryland Medicine,http://www.umm.edu/
US,"City University of New York, Queens College",http://www.qc.edu/
SE,"University College of Arts, Crafts and Design",http://www.konstfack.se/
IQ,Kerbala University,http://www.uokerbala.edu.iq/
FR,Ecole Nationale Supérieure d'Agronomie et des Industries Alimentaires,http://www.ensaia.u-nancy.fr/
NO,Oslo School of Architecture,http://www.aho.no/
FR,Université de Montpellier II,http://www.univ-montp2.fr/
SS,University of Juba,http://www.juba.edu.sd/
TH,Krirk University,http://www.krirk.ac.th/
ID,Universitas Dr. R. Moestopo,http://www.moestopo.ac.id/
CA,Yukon College,http://www.yukoncollege.yk.ca/
IN,Jiwaji University,http://www.jiwaji.edu/
LK,Sri Lanka Institute of Information Technology (SLIT),http://www.sliit.lk/
MX,Universidad Autónoma de San Luis Potosí,http://www.uaslp.mx/
US,"St. Francis College, Brooklyn Heights",http://www.stfranciscollege.edu/
NG,The Federal Polytechnic Offa,http://www.fedpoffa.edu.ng/
HU,University of Pecs,http://www.pte.hu/
AZ,Khazar University,http://www.khazar.org/
AO,Universidade Tecnica de Angola,http://www.utanga.co.ao/
US,Manchester College,http://www.manchester.edu/
BG,University of Plovdiv,http://www.uni-plovdiv.bg/
US,Culver-Stockton College,http://www.culver.edu/
CZ,Brno University of Technology,http://www.vutbr.cz/
FR,Ecole Superieur d'Ingenieurs Leonard de Vinci,http://www.devinci.fr/
GH,Cape Coast Polytechnic ,http://www.cpoly.edu.gh/
DE,Universität Passau,http://www.uni-passau.de/
IN,Rajasthan Vidyapeeth University,http://www.jrnrvu.org/
TR,Suleyman Demirel University,http://www.sdu.edu.tr/
IR,Ahwaz Jondishapour University of Medical Sciences,http://www.ajums.ac.ir/
RU,Ural State Academy of Architecture and Arts,http://www.usaaa.ru/
RU,Voronezh State Agricultural University,http://www.vsau.ru/
IN,Karnataka State Law University,http://www.kslu.ac.in/
TW,Fu Jen Catholic University,http://www.fju.edu.tw/
BD,Noakhali University of Science and Technology,http://www.nstu.edu.bd/
TW,Kung Shan Institute of Technology,http://www.ksit.edu.tw/
RU,Tomsk Polytechnic University,http://www.tpu.ru/
BR,Universidade Federal de Pelotas,http://www.ufpel.tche.br/
PL,Technical University of Radom,http://www.man.radom.pl/
CN,Northeast Normal University,http://www.nenu.edu.cn/
PE,Universidad Privada de Tacna,http://www.upt.edu.pe/
PR,Sistema Universitario Ana G. Méndez,http://www.suagm.edu/
IL,Weizmann Institute of Science,http://www.weizmann.ac.il/
PE,Universidad Nacional del Callao,http://www.unac.edu.pe/
RU,Nevsky Institute of Language and Culture,http://www.nilc.spb.ru/
PK,University of Engineering and Technology Lahore,http://www.uet.edu/
JP,Osaka Medical College,http://www.osaka-med.ac.jp/
FR,Ecole Supérieure de Commerce de Lille,http://www.esc-lille.fr/
DZ,Université Dr Tahar Moulay,http://www.univ-saida.dz/
ET,Adigrat University,http://www.adu.edu.et/
US,Vassar College,http://www.vassar.edu/
CN,Nanjing University of Posts and Telecommunications,http://www.njupt.edu.cn/
DE,Universität des Saarlandes,http://www.uni-saarland.de/
US,University of South Florida,http://www.usf.edu/
US,University of Texas at Dallas,http://www.utdallas.edu/
KG,Kyrgyz National University,http://www.university.kg/
FR,Ecole Nationale Supérieur d'Ingénieurs de Constructions Aéronautique,http://www.ensica.fr/
GB,Newport International University,http://www.niu.org.uk/
JP,Kanto Gakuen University,http://www.kanto-gakuen.ac.jp/
SD,Blue Nile University,http://www.bnu.edu.sd/
US,"CollegeAmerica, Denver",http://www.collegeamerica.edu/
IE,Warnborough University,http://www.warnborough.edu/
GB,Brunel University Uxbridge,http://www.brunel.ac.uk/
US,Rocky Mountain College of Art and Design,http://www.rmcad.edu/
GB,Stratford College London,http://www.sclondon.ac/
YE,Sana'a University,http://www.su.edu.ye/
AU,University of Melbourne,http://www.unimelb.edu.au/
JP,Aichi University,http://www.aichi-u.ac.jp/
GB,Leeds Metropolitan University,http://www.lmu.ac.uk/
CA,University of Regina,http://www.uregina.ca/
CN,Anhui Normal University,http://www.ahnu.edu.cn/
SY,International University for Science & Technology ,http://www.iust.edu.sy/
CA,Sheridan College,http://www.sheridanc.on.ca/
PE,Universidad Nacional de Santa - Chimbote,http://www.uns.edu.pe/
US,Southern College of Optometry,http://www.sco.edu/
BR,Universidade Federal de Mato Grosso do Sul,http://www.ufms.br/
RU,East-Siberian State University of Technology,http://www.esstu.ru/
IN,Karpagam University,http://www.karpagamuniv.com/
FR,Ecole Nationale Supérieure de Chimie de Rennes,http://www.ensc-rennes.fr/
CA,Northern Alberta Institute of Technology,http://www.nait.ca/
US,Arkansas State University,http://www.astate.edu/
US,"Concordia College, Bronxville",http://www.concordia-ny.edu/
VN,Tay Nguyen University,http://www.taynguyenuni.edu.vn/
MY,"Curtin University of Technology, Sarawak Campus",http://www.curtin.edu.my/
US,"Concordia College, Selma",http://higher-ed.lcms.org/selma.htm
FR,Ecole de l'Air,http://www.aea.asso.fr/
IN,Sardar Patel University,http://www.spuvvn.edu/
ES,Universidad Alfonso X El Sabio,http://www.uax.es/
CN,Beijing University of Aeronautics and Astronautics,http://www.buaa.edu.cn/
US,Pacific University,http://www.pacificu.edu/
MY,"Institute of Teachers Education, Ipoh",http://www.ipip.edu.my/
US,Montreat College,http://www.montreat.edu/
US,Waynesburg College,http://www.waynesburg.edu/
PE,Universidad Nacional Pedro Ruíz Gallo,http://www.unprg.edu.pe/
KR,Seowon University,http://www.seowon.ac.kr/
GR,Aegean University,http://www.aegean.gr/
US,Pennsylvania State University Great Valley,http://www.gv.psu.edu/
US,Lourdes College,http://www.lourdes.edu/
CO,"Universidad Distral ""Francisco José de Caldas""",http://www.udistrital.edu.co/
IR,University of Mohaghegh,http://www.uma.ac.ir/
US,Blessing-Rieman College of Nursing,http://www.brcn.edu/
CN,Huaihua Radio and Television University,http://www.hhrtu.com/
JP,Daido Institute of Technology,http://www.daido-it.ac.jp/
GB,"London School of Economics and Political Science, University of London",http://www.lse.ac.uk/
US,American InterContinental University - Atlanta,http://www.aiuniv.edu/
US,Lyon College,http://www.lyon.edu/
RU,Bashkir State Pedagogical University named After M. Akmullah,http://www.bspu.ru/
CN,Guangzhou Academy of Fine Art,http://www.gzarts.edu.cn/
RO,University of Craiova,http://www.central.ucv.ro/
RU,Amur State University,http://www.amursu.ru/
US,College of Idaho,http://www.collegeofidaho.edu/
ID,Universitas Islam Nusantara,http://www.uninus.ac.id/
US,Illinois Institute of Technology,http://www.iit.edu/
VE,Universidad de Oriente,http://www.udo.edu.ve/
BD,University of Rajshahi,http://www.ru.ac.bd/
EG,Future University,http://www.futureuniversity.edu.eg/
IN,Pes University,http://www.pes.edu/
DE,"Nordakademie, Staatlich anerkannte private Fachhochschule mit dualen Studiengängen",http://www.nordakademie.de/
RU,Siberian Academy of Public Services,http://www.sapanet.ru/
IT,University of Padua,http://www.unipd.it/
US,University of South Carolina,http://www.sc.edu/
ID,Universitas Jayabaya,http://www.jayabaya.ac.id/
ID,Universitas Bunda Mulia Jakarta,http://www.ubm.ac.id/
CA,University of King's College,http://www.ukings.ns.ca/
SE,Jönköping University College,http://www.hj.se/
GH,Pan African Christian University College,http://www.pacuc.edu.gh/
IR,Shahrood University of Medical Sciences,http://www.shmu.ac.ir/
CL,Universidad Maritima de Chile,http://www.umaritima.cl/
US,Louisiana State University Health Sciences Center New Orleans,http://www.lsuhsc.edu/
DE,Bauhaus Universität Weimar,http://www.uni-weimar.de/
BD,Brac University,http://www.bracuniversity.net/
JP,Hakodate University,http://www.hakodate-u.ac.jp/
NO,Agricultural University of Norway,http://www.nlh.no/
EG,Arab Open University,http://www.aou.edu.eg/
US,ICI University,http://www.ici.edu/
AL,Agricultural University of Tirane,http://www.ubt.edu.al/
PL,Pedagogical University of Krakow,http://www.wsp.krakow.pl/
ID,Universitas Bhayangkara Jakarta Raya,http://www.ubharajaya.ac.id/
GB,Falmouth University,http://www.falmouth.ac.uk/
US,Lehigh Univervsity,http://www.lehigh.edu/
US,Antioch New England Graduate School,http://www.antiochne.edu/
VN,Banking University of Ho Chi Minh City,http://www.buh.edu.vn/
US,Pratt Institute,http://www.pratt.edu/
SV,Universidad Luterana Salvadorena,http://www.netcomsa.com/uls/
US,Russel Sage College,http://www.sage.edu/RSC/
PL,Music Academy in Lodz,http://www.amuz.lodz.pl/
IN,Sri Krishnadevaraya University,http://skuniv.ap.nic.in/
GB,University of Portsmouth,http://www.port.ac.uk/
US,University of Wisconsin - Stout,http://www.uwstout.edu/
YE,Thamar University,http://www.thuniv.net/
JP,Shukutoku University,http://www.shukutoku.ac.jp/
KE,Egerton University,http://www.egerton.ac.ke/
US,Seattle University,http://www.seattleu.edu/
US,Pace University  Pleasantville/Briarcliff,http://www.pace.edu/campus/pville.html
IT,Basilicata University Potenza,http://www.unibas.it/
FR,Ecole Supérieure de Chimie Physique Electronique de Lyon,http://www.cpe.fr/
BD,Dhaka International University,http://www.diu.net.bd/
US,Tomball College,http://wwwtc.nhmccd.edu/
US,Belmont Abbey College,http://www.bac.edu/
US,State University of West Georgia,http://www.westga.edu/
CN,Communication University of China,http://www.cuc.edu.cn/
AM,Yerevan State University,http://www.ysu.am/
US,Bates College,http://www.bates.edu/
CN,Huizhou University,http://www.hzu.edu.cn/
ZA,University of Cape Town,http://www.uct.ac.za/
NG,Western Delta University,http://www.wdu.edu.ng/
BA,University of East Srarajevo,http://www.unssa.rs.ba/
CN,Shanghai Second Medical University,http://www.shsmu.edu.cn/
PL,Physical Education Academy in Wroclaw,http://www.awf.wroc.pl/
DE,Gustav-Siewerth-Akademie,http://www.siewerth-akademie.de/
PL,Ludwik Solski State Academy of Theatre in Cracow,http://www.pwst.krakow.pl/
VN,Saigon University,http://www.sgu.edu.vn/
VN,Ho Chi Minh City University of Law,http://www.hcmulaw.edu.vn/
NL,Wittenborg University,http://www.wittenborg.eu/
GR,University of Central Greece,http://www.ucg.gr/
FR,Ecole Supérieure d'Informatique-Electronique-Automatique,http://www.esiea.fr/
PT,Universidade Internacional Lisboa,http://www.uinternacional.pt/
SD,Canadian Sudanese College,http://www.ccs.edu.sd/
US,Amber University,http://www.amberu.edu/
US,St. Louis Christian College,http://www.slcc4ministry.edu/
IN,Utkal University,http://www.utkaluniv.org/
US,Southern Oregon University,http://www.sou.edu/
CN,Fushun Petroleum University,http://www.fspu.edu.cn/
PT,Instituto Superior de Informática e Gestão,http://www.cocite.pt/
US,Baker College of Port Huron,http://www.baker.edu/visit/porthuron.html
BI,Université du Burundi,http://www.ub.edu.bi/
MX,Universidad Insurgentes Plantel León,http://www.uileon.edu.mx/
JP,Saga Medical School,http://www.saga-med.ac.jp/
MN,Mongolian National University,http://www.num.edu.mn/
IN,Indira Gandhi National Open University,http://www.ignou.ac.in/
TR,Ufuk University,http://www.ufuk.edu.tr/
US,Danville Area Community College,http://www.dacc.cc.il.us/
JP,Shibaura Institute of Technology,http://www.shibaura-it.ac.jp/
IN,"Dr. Hari Singh Gour University, formerly University of Sagar",http://www.sagaruniversity.nic.in/
HU,Semmelweis University of Medical Sciences,http://www.sote.hu/
PH,University of Regina Carmeli,http://www.urc.edu.ph/
CL,Universidad Iberoamericana de Ciencias y Tecnologia,http://www.unicit.cl/
BO,"Universidad Católica Boliviana, Cochabamba",http://www.ucbcba.edu.bo/
US,Grantham University,http://www.grantham.edu/
RU,Altai State Medical University,http://www.asmu.ru/
JP,Meio University,http://www.meio-u.ac.jp/
ID,Universitas Widya Gama Malang,http://www.widyagama.ac.id/
JP,Ishinomaki Senshu University,http://www.isenshu-u.ac.jp/
CN,Sun Yat-Sen University of Medical Sciences,http://www.gzsums.edu.cn/
ID,Universitas Mulawarman,http://www.unmul.ac.id/
CN,Yunnan University,http://www.ynu.edu.cn/
CN,Foshan University,http://www.fosu.edu.cn/
IT,Dutch University Institute for Art History (DUIA),http://www.iuoart.org/
US,Morgan State University,http://www.morgan.edu/
IL,Western Galilee College,http://www.wgalil.ac.il/
US,D'Youville College,http://www.dyc.edu/
US,United States Air Force Academy,http://www.usafa.af.mil/
FR,Université de Bretagne Sud,http://www.univ-ubs.fr/
CA,Langara College,http://www.langara.bc.ca/
US,Clarke College,http://www.clarke.edu/
AL,American University of Tirana,http://www.uat.edu.al/
DE,Deutsche Sporthochschule Köln,http://www.dshs-koeln.de/
US,Clearwater Christian College,http://www.clearwater.edu/
GB,University of Durham,http://www.dur.ac.uk/
RW,Kigali Health Institute,http://www.khi.ac.rw/
IT,University of Bergamo,http://www.unibg.it/
CN,Capital Normal University,http://www.cnu.edu.cn/
JP,Iwate Prefectural University,http://www.iwate-pu.ac.jp/
PK,FAST - National University of Computer and Emerging Sciences (NUCES),http://www.nu.edu.pk/
IQ,Madenat Alelem University College,http://www.madenatalelem.com/
CN,Wudanshan Taoist College ,http://www.wdsdjxy.com/
RU,St. Petersburg State Pediatric Medical Academy,http://www.gpma.ru/
JP,Japan Advanced Institute of Science and Technology,http://www.jaist.ac.jp/
IN,Thapar Institute of Engineering and Technology,http://www.tiet.ac.in/
US,South Dakota School of Mines and Technology,http://www.sdsmt.edu/
SE,Jönköping University College of Health Sciences,http://www.hj.se/hhj/
IN,"University of Agricultural Sciences, Dharwad",http://www.uasd.net/
ES,Barcelona Graduate School of Economics,http://www.barcelonagse.eu/
GB,Oxford Brookes University,http://www.brookes.ac.uk/
RU,Samara State Agricultural Academy,http://www.ssaa.ru/
UG,St. Augustine International University,http://www.saiu.ac.ug/
MX,Universidad de Sonora,http://www.uson.mx/
KR,Yeungnam University,http://www.yeungnam.ac.kr/
IN,Narendra Deva University of Agriculture and Technology,http://www.nduat.nic.in/
NL,Foundation University,http://www.foundationuniversity.com/
US,United States Sports Academy,http://www.sport.ussa.edu/
DE,Hochschule für Technik und Wirtschaft Karlsruhe,http://www.hs-karlsruhe.de/
IR,Damghan University of Basic Sciences,http://www.dubs.ac.ir/
CL,Universidad San Sebastian,http://www.uss.cl/
US,Manhattanville College,http://www.mville.edu/
IQ,Al Yarmouk University College,http://www.yu.edu.jo/
CL,Universidad Mayor,http://www.umayor.cl/
US,Murray State University,http://www.mursuky.edu/
FR,Ecole Supérieure d'Ingénieurs en Génie Electrique,http://www.esigelec.fr/
,Ilsa Independent College,http://www.ilsacollege.edu.na/
ZA,University of Fort Hare,http://www.ufh.ac.za/
CN,Shandong Normal University,http://www.sdnu.edu.cn/
CN,Xinjiang Agriculture University,http://www.xjau.edu.cn/
CN,China University of Mining Technology - Xuzhou,http://www.cumt.edu.cn/
MY,Kuching Polytechnic,http://www.poliku.edu.my/
CN,Dongbei University of Finance And Economics,http://www.dufe.edu.cn/
RU,Northern State Medical University,http://www.nsmu.ru/
CZ,Czech Technical University of Prague,http://www.cvut.cz/
CO,Universidad de Los Andes,http://www.uniandes.edu.co/
KH,Royal University of Agriculture,http://www.rua.edu.kh/
MY,University of Management and Technology ,http://www.umtech.edu.my/
GB,University of Essex,http://www.essex.ac.uk/
LV,Rezekne Higher School,http://www.ru.lv/
UA,Dnepropetrovsk National University of Railway Transport,http://www.diit.edu.ua/
IR,Yasuj University of Medical Sciences,http://www.yums.ac.ir/
AR,Universidad de Flores - Buenos Aires,http://www.uflo.edu.ar/
IR,Iran University of Medical Sciences,http://www.iums.ac.ir/
DE,Tierärztliche Hochschule Hannover,http://www.tiho-hannover.de/
IT,University of Udine,http://www.uniud.it/
DE,Staatlich anerkannte Fachhochschule für Kunsttherapie,http://www.fhkt.de/
RW,Kigali Institute of Science & Technology,http://www.kist.ac.rw/
US,Frostburg State University,http://www.fsu.umd.edu/
DE,Fachhochschule Lübeck,http://www.fh-luebeck.de/
DE,Fachhochschule Aschaffenburg,http://www.fh-aschaffenburg.de/
CI,Université d'Abobo-Adjamé,http://www.uabobo.ci/
RU,Oriental University,http://www.orun.ru/
IN,Indira Gandhi Institute of Medical Sciences,http://www.igims.org/
PK,Karachi School of Art,http://www.ksa.edu.pk/
MX,Universidad Hispanoamericana,http://hispano.edu.mx/
RU,Ural State Technical University,http://www.ustu.ru/
MY,Cyberjaya University College of Medical Science,http://www.cybermed.edu.my/
US,"Arizona State University, Polytechnic Campus",https://campus.asu.edu/polytechnic
PT,"Instituto de Artes Visuais, Design e Marketing - IADE",http://www.iade.pt/
ID,Institut Sains & Teknologi Akprind,http://www.akprind.ac.id/
AU,Monash University,http://www.monash.edu.au/
UA,Donetsk State Medical University,http://www.donmeduni.com/
SO,University of Hargeisa,http://www.hargeisauniversity.net/
US,Pennsylvania State University - Milton S.Hershey Medical Center,http://www.collmed.psu.edu/
DE,DIPLOMA-Fachhochschule Ölsnitz/Vogtland,http://www.diploma.de/
US,Dominican School of Philosophy and Theology,http://www.dspt.edu/
US,State University of New York College at Purchase,http://www.purchase.edu/
US,"Rasmussen College, North Dakota Campuses",http://www.rasmussen.edu/locations/north-dakota/
US,Ohio State University,http://www.ohio-state.edu/
CL,Universidad Adventista de Chile,http://www.unachile.cl/
JP,Shumei University,http://www.shumei-u.ac.jp/
CR,Universidad del Turismo,http://www.utur.ac.cr/
MX,Universidad Cientifica Latinoamericana de Hidalgo,http://www.uclah.edu.mx/
BS,The College of The Bahamas,http://www.cob.edu.bs/
US,University of Idaho,http://www.uidaho.edu/
IN,Dr. D.Y. Patil University,http://www.dypatiluniversity.org/
FR,Ecole Supérieure de Commerce de Nantes-Atlantique,http://www.escna.fr/
TZ,Mount Meru University,http://www.mmu.ac.tz/
BE,Université de Liège,http://www.ulg.ac.be/
LB,Holy Spirit University of Kaslik,http://www.usek.edu.lb/
CN,Shanghai University of Science and Technology,http://www.usst.edu.cn/
US,Nichols College,http://www.nichols.edu/
RO,University of Suceava,http://www.usv.ro/
FR,Ecole Nationale Vétérinaire de Nantes,http://www.vet-nantes.fr/
CH,University of Neuchatel,http://www.unine.ch/
ID,Universitas Muhammadiyah Sumatra Utara,http://www.umsu.ac.id/
US,Morehouse School of Medicine,http://www.msm.edu/
CA,"École de technologie supérieure, Université du Québec",http://www.etsmtl.ca/
TR,Gebze Institute of Technology,http://www.gyte.edu.tr/
US,Kirkwood Community College,http://www.kirkwood.edu/
PE,Universidad Nacional Agraria de la Selva,http://www.unas.edu.pe/
BY,Gomel State Medical University,http://www.meduniver.gomel.by/
US,Embry-Riddle Aeronautical University,http://www.embryriddle.edu/
US,University of Texas M.D. Anderson Cancer Center,http://www.mdanderson.org/
RU,Institute of Management and Economy,http://www.ime.ru/
AR,Universidad Nacional de Lomas de Zamora,http://www.unlz.edu.ar/
DE,Fachhochschule Wedel,http://www.fh-wedel.de/
BA,University of Sarajevo,http://www.unsa.ba/
BR,Universidade Estácio de Sá,http://www.estacio.br/
US,William Paterson University,http://www.wpunj.edu/
IR,"Islamic Azad University, Mahshar",http://www.mahshahriau.ac.ir/
US,Northwest Nazarene University,http://www.nnu.edu/
US,Mount Union College,http://www.mountunion.edu/
TR,Yeditepe University,http://www.yeditepe.edu.tr/
US,Park College,http://www.park.edu/
IT,University of Insubria,http://www.uninsubria.it/
JP,Nihon University,http://www.nihon-u.ac.jp/
PL,Pedagogical University of the Polish Association for Adult Education in Warsaw,http://www.wsptwpwaw.edu.pl/
US,Aurora University,http://www.aurora.edu/
US,St. Mary's College of California,http://www.stmarys-ca.edu/
IN,Gujarat Ayurved University,http://www.ayurveduniversity.com/
PK,North West Frontier Province Agricultural University,http://www.aup.edu.pk/
US,North Central College,http://www.noctrl.edu/
CA,Conestoga College,http://www.conestogac.on.ca/
MY,International University College of Nursing (IUCN),http://www.iucn.edu.my/
IN,Madurai Kamaraj University,http://www.mkuhyd.com/
NI,Universidad Nacional Autonoma de Nicaragua,http://www.unan.edu.ni/
MX,Universidad del Mar,http://www.umar.mx/
ZW,Solusi University,http://www.solusi.ac.zw/
JP,Shikoku University,http://www.shikoku-u.ac.jp/
CN,Hebei Normal University,http://www.hebnu.edu.cn/
FR,Université Nancy II,http://www.univ-nancy2.fr/
MX,Universidad del Valle de Puebla,http://members.rotfl.com/uvp/
JP,Gakushuin University,http://www.gakushuin.ac.jp/
CN,Chongqing University of Post and Telecommunications,http://www.cqupt.edu.cn/
US,Syracuse University,http://www.syr.edu/
US,Southwest University,http://www.southwest.edu/
US,Bucknell University,http://www.bucknell.edu/
US,Southern Polytechnic State Univerisity,http://www.spsu.edu/
IS,Bifrost School of Business,http://www.bifrost.is/
AE,University of Jazeera,http://www.uojazeera.com/
IN,University of Health Sciences Andhra Pradesh,http://59.163.116.210/
US,Xavier University of Louisiana,http://www.xula.edu/
MY,Iact College,http://www.iact.edu.my/
US,Bauder College,http://www.bauder.edu/
PL,Technical University of Wroclaw,http://www.pwr.wroc.pl/
CA,University of Ottawa,http://www.uottawa.ca/
JP,Kokushikan University,http://www.kokushikan.ac.jp/
MM,Technological University (West Yangon),http://www.most.gov.mm/wytu/
AR,"Universidad Argentina ""John F. Kennedy""",http://www.kennedy.edu.ar/
KG,Kyrgyz Turkish  Manas University,http://www.manas.kg/
BY,Vitebsk State University,http://www.vsu.by/
JP,Nagoya Women's University,http://www.nagoya-wu.ac.jp/
PT,Instituto Superior Politécnico Gaya,http://www.ispgaya.pt/
TW,National Pingtung University of Science and Technology,http://www.npust.edu.tw/
US,King College,http://www.king.edu/
CA,École des Hautes Études Commerciales,http://www.hec.ca/
LV,School of Business and Finance,http://www.ba.lv/
CA,Carleton University,http://www.carleton.ca/
NL,Fontys University of Applied Sciences,http://www.fontys.edu/
TR,Mersin University,http://www.mersin.edu.tr/
TN,Université de Gafsa,http://www.ugaf.rnu.tn/
VN,University of Technical Education Ho Chi Minh City,http://www.hcmute.edu.vn/
IT,University of Trieste,http://www.univ.trieste.it/
US,Suffolk University,http://www.suffolk.edu/
NL,University for Humanistics (UH),http://www.uvh.nl/
SO,Gollis University,http://www.gollisuniversity.com/
FR,Ecole Supérieure de Commerce de Dijon,http://www.escdijon.com/
MX,Universidad Mesoamericana de San Agustín,http://www.umsa.edu.mx/
CA,Université du Québec en Abitibi-Témiscamingue,http://www.uqat.uquebec.ca/
SA,Batterjee Medical College,http://www.bmc.edu.sa/
US,Jones College,http://www.jones.edu/
NG,University of Benin,http://www.uniben.edu/
US,Voorhees College,http://www.voorhees.edu/
US,Louisiana State University at Eunice,http://www.lsue.edu/
JP,Yamaguchi Prefectural University,http://www.yamaguchi-pu.ac.jp/
CN,International Business University of Beijing,http://www.ibub.edu.cn/
KE,Masinde Muliro University of Science and Technology,http://www.mmust.ac.ke/
MX,Universidad Autónoma del Carmen,http://www.unacar.mx/
CN,Northeast Agricultural University,http://www.neau.edu.cn/
US,California School of Professional Psychology - Los Angels,http://www.cspp.edu/catalog/9.htm
IR,University of Social Welfare and Rehabilitation Scinences,http://www.uswr.ac.ir/
ET,Mekelle University,http://www.mu.edu.et/
UA,Kharkiv State Medical University,http://www.ksmu.kharkov.ua/
IQ,Misan University,http://www.uomisan.edu.iq/
IQ,Al Muthanna University,http://www.uoalmuthana.edu.iq/
PL,Technical University of Czestochowa,http://www.pcz.czest.pl/
IT,University of Ancona,http://www.unian.it/
AO,Universidade Lusíada de Angola,http://www.ulangola.net/
FR,Ecole Nationale Supérieure d'Agronomie de Rennes,http://agro.roazhon.inra.fr/
FR,Ecole Nationale Supérieure Electricité et Mécanique,http://www.ensem.u-nancy.fr/
US,University of the District of Columbia,http://www.udc.edu/
PE,Universidad Los Angeles de Chimbote,http://www.uladech.edu.pe/
IR,Hyrcania Institute of Higher Education,http://www.hyrcania.ac.ir/
TT,University of the Southern Caribbean,http://www.usc.edu.tt/
GH,Ghana Telecom University College,http://www.gtuc.edu.gh/
BR,Universidade Federal do ABC,http://www.ufabc.edu.br/
SC,University of Seychelles - American Institute of Medicine,http://www.usaim.edu/
GR,Technological Education Institute of Lamia,http://www.teilam.gr/
MY,Allianze College of Medical Sciences (ACMS),http://www.acms.edu.my/
PE,Universidad Nacional José Faustino Sánchez Carrión,http://www.unjfsc.edu.pe/
US,University of Northern Washington,http://www.unw.edu/
IN,"Shobhit University, Meerut",http://www.shobhituniversity.ac.in/
US,St. Francis Medical Center College of Nursing,http://www.osfsaintfrancis.org/
RO,National University of Music,http://www.unmb.ro/
CO,Universidad de La Guajira,http://www.uniguajira.edu.co/
PL,"Music Academy ""Stanislaw Moniuszko"" in Gdansk",http://www.amuz.gda.pl/
US,Southeast Missouri State University,http://www.semo.edu/
RU,Tyumen State University,http://www.tsu.tmn.ru/
BR,Universidade Estadual Paulista,http://www.unesp.br/
US,Livingstone College,http://www.livingstone.edu/
CN,Southwest University of Nationalities,http://www.swun.edu.cn/
RU,Omsk State Technical University,http://www.omgtu.ru/
CN,Xihua University,http://www.xhu.edu.cn/
JP,Matsuyama University,http://www.matsuyama-u.ac.jp/
PK,University of Veterinary & Animal Science,http://www.uvas.edu.pk/
JM,University of Technology Jamaica,http://www.utech.edu.jm/
IR,"Islamic Azad University, Boukan",http://www.iau-boukan.ac.ir
ES,Universidad Abierta Interactiva,http://www.uniactiva.com/
RO,"University ""Aurel Vlaicu"" Arad",http://www.uav.ro/
PE,Universidad Nacional Agraria La Selva,http://www.unas.edu.pe/
DZ,Université de Mostaganem,http://www.univ-mosta.dz/
AT,Universität Salzburg,http://www.sbg.ac.at/
FR,Université Catholique de l' Ouest,http://www.uco.fr/
IN,Sikha 'O' Anushandhan University,http://www.soauniversity.ac.in/
US,Knoxville College,http://www.knoxvillecollege.edu/
BY,Vitebsk State Technological University,http://www.vstu.vitebsk.by/
US,Sheldon Jackson College,http://www.sheldonjackson.edu/
US,Randolph-Macon Woman's College,http://www.rmwc.edu/
CN,Guangdong Radio & TV University,http://www.gdrtvu.edu.cn/
ES,Universidad de Santiago de Compostela,http://www.usc.es/
US,Le Moyne-Owen College,http://www.lemoyne-owen.edu/
FR,Ecole Supérieure de Commerce de Marseille-Provence,http://www.esc-marseille.fr/
CA,Ontario College of Art and Design,http://www.ocad.ca/
BE,EHSAL - Europese Hogeschool Brussel,http://www.ehsal.be/
FR,Ecole Nationale Supérieure des Industries Chimiques de Nancy,http://www.ensic.u-nancy.fr/
JP,Kyushu Kyoritsu University,http://www.kyukyo-u.ac.jp/
SV,Universidad Dr. Andreas Bello,http://www.unab.edu.sv/
PT,Universidade de Aveiro,http://www.ua.pt/
DO,Universidad Adventista Dominicana,http://www.unad.edu.do/
US,Oklahoma Panhandle State University,http://www.opsu.edu/
AF,Kabul University,http://www.ku.edu.af/
DO,Universidad de la Tercera Edad,http://www.ute.edu.do/
US,Oregon Institute of Technology,http://www.oit.edu/
GB,Middlesex University,http://www.mdx.ac.uk/
BR,Instituto Mauá de Tecnologia,http://www.maua.br/
DE,"Hochschule Anhalt (FH), Hochschule für angewandte Wissenschaften",http://www.hs-anhalt.de/
IT,Polytechnic Institute of Bari,http://www.poliba.it/
JP,Fukuoka Prefectural University,http://www.fukuoka-pu.ac.jp/
US,University of Mary Hardin-Baylor,http://www.umhb.edu/
BR,Universidade Federal do Espírito Santo,http://www.ufes.br/
US,"Teachers College, Columbia University",http://www.tc.columbia.edu/
BD,Sylhet Engineering College,http://www.sec.ac.bd/
AE,American University of Sharjah,http://www.aus.edu/
IR,Tehran University of Teacher Training,http://www.tmu.ac.ir/
US,University of Missouri - Kansas City,http://www.umkc.edu/
US,Taylor University,http://www.tayloru.edu/
UA,Odessa National Maritime Academy,http://www.ma.odessa.ua/
MO,Macau Polytechnic Institute,http://www.ipm.edu.mo/
JO,Al-Isra University,http://www.isra.edu.jo/
MX,Universidad Michoacana de San Nicolás de Hidalgo,http://www.umich.mx/
KZ,Kazak State University of Agriculture,http://www.agriun.almaty.kz/
CN,Taizhou College,http://www.tzc.edu.cn/
PT,Universidade da Beira Interior,http://www.ubi.pt/
US,University of St. Francis,http://www.stfrancis.edu/
PH,University of the Assumption,http://www.ua.edu.ph/
TW,Shih Hsin University,http://www.shu.edu.tw/
CN,Wuhan Automobile Polytechnical University,http://www.whapu.edu.cn/
LB,Notre Dame University,http://www.ndu.edu.lb/
US,"Troy University, Phenix City",http://phenix.troy.edu/
IE,Cork Institute of Technology,http://www.cit.ie/
CN,Tibet Agricultural and Animal Husbandry College,http://www.xza.cn/
CN,Logistics Engineering University of PLA,http://www.hqgc.net/
KE,Aga Khan University,http://www.aku.edu/
NI,Universidad Hispanoamericana,http://www.uhispam.edu.ni/
IN,Amity University,http://www.amity.edu/
US,Columbia International University,http://www.ciu.edu/
PK,University of Lahore,http://www.uol.edu.pk/
FR,Ecole Centrale d'Electronique - ECE,http://www.ece.fr/
JP,Seisen University,http://www.seisen-u.ac.jp/
CH,University of Fribourg,http://www.unifr.ch/
US,California School of Professional Psychology - Fresno,http://www.cspp.edu/catalog/8.htm
RU,St. Petersburg Repin State Academic Institute of Painting Sculpture and Achitecture,http://artacademy.spb.ru/
US,Mount Vernon Nazarene College,http://www.mvnc.edu/
IN,Magadh University,http://www.magadhuniversity.org/
US,Katharine Gibbs School,http://www.kgibbs.com/
ES,Universitat Jaume I de Castellón,http://www.uji.es/
JP,Saitama Prefectural University,http://www.spu.ac.jp/
ZA,Nelson Mandela Metropolitan University,http://www.nmmu.ac.za/
BR,Universidade Federal de Uberlândia,http://www.ufu.br/
PL,Pawel Wlodkowic University College in Plock,http://www.wlodkowic.pl/
SD,University of Science and Technology,http://www.ust.edu.sd/
US,United States Merchant Marine Academy,http://www.usmma.edu/
SE,Swedish University of Agricultural Sciences,http://www.slu.se/
PT,Instituto Piaget,http://www.ipiaget.org/
IN,Thiruvalluvar University,http://www.tvuni.in/
MX,Universidad Pedagógica Veracruzana,http://www.secupv.org/
BR,Universidade do Rio de Janeiro,http://www.unirio.br/
ET,Jimma University,http://www.ju.edu.et/
DE,Europäische Betriebswirtschafts-Akademie,http://www.eba-muenchen.de/
KR,Kwan Dong University,http://www.kwandong.ac.kr/
CO,Universidad de América Bogotá,http://www.uamerica.edu.co/
US,University of Maryland (System),http://www.ums.edu/
SN,Université Alioune Diop de Bambey,http://www.bambey.univ.sn/
BO,Universidad Privada Franz Tamayo (UNIFRANZ),http://www.unifranz.edu.bo/
ID,Universitas Nasional Pasim,http://www.pasim.ac.id/
PL,Pedagogical University of Kielce,http://www.pu.kielce.pl/
CN,Huazhong Agricultural University,http://www.hzau.edu.cn/
US,Montclair State University,http://www.montclair.edu/
US,Miami Dade College,http://www.mdc.edu/
US,"City University of New York, John Jay College of Criminal Justice",http://www.jjay.cuny.edu/
AF,Balkh University,http://www.ba.edu.af/
SD,Elrazi College Of Medical & Technological Sciences,http://www.elrazicollege.net/
US,Gonzaga University,http://www.gonzaga.edu/
GB,University of Plymouth,http://www.plymouth.ac.uk/
US,Carleton College,http://www.carleton.edu/
AT,Universität Vienna,http://www.univie.ac.at/
US,Humphreys College,http://www.humphreys.edu/
BR,Universidade Estadual do Oeste do Paraná,http://www.unioeste.br/
TH,Mahidol University International College,http://www.muic.mahidol.ac.th/
SY,Yarmouk Private University ,http://www.ypu.edu.sy/
US,Carlow College,http://www.carlow.edu/
GB,Royal College of Art,http://www.rca.ac.uk/
TR,Yildirim Beyazit University,http://www.ybu.edu.tr/
RO,University of Sibiu,http://www.sibiu.ro/
US,Virginia Intermont College,http://www.vic.edu/
MX,Universidad Pedagógica Nacional,http://www.upn.mx/
US,Buena Vista University,http://www.bvu.edu/
US,Ringling College of Art and Design,http://www.ringling.edu/
US,Peru State College,http://www.peru.edu/
VN,Ho Chi Minh City University of Transport,http://www.hcmutrans.edu.vn/
US,Villanova University,http://www.villanova.edu/
GB,"Courtauld Institute of Art, University of London",http://www.courtauld.ac.uk/
SY,Higher Institute of Business Administration,http://www.hiba.edu.sy/
KR,Korea National University of Education,http://www.knue.ac.kr/
IL,Bar-Ilan University,http://www.biu.ac.il/
CA,Université Laval,http://www.ulaval.ca/
NL,Hogeschool Rotterdam,http://www.hro.nl/
SA,Al-Yamamah College,http://www.alyamamah.edu.sa/
PS,Arab American University - Jenin,http://www.aauj.edu/
US,Southwestern Adventist University,http://www.swau.edu/
AR,"Universidad del Norte ""Santo Tomás de Aquino""",http://www.unsta.edu.ar/
JP,Hokkaigakuen University,http://www.hokkai-s-u.ac.jp/
CN,Tibet University of Nationalities,http://www.xzmy.edu.cn/
US,University of South Carolina - Union,http://www.sc.edu/union/
TR,Cag University,http://www.cag.edu.tr/
US,Old Dominion University,http://www.odu.edu/
KG,International Ataturk Alatoo University,http://www.iaau.edu.kg/
RU,Yaroslavl State University,http://www.uniyar.ac.ru/
US,Bethel College St. Paul,http://www.bethel.edu/
SD,University of Gezira,http://www.uofg.edu.sd/
FI,University of Lapland,http://www.ulapland.fi/
US,Felician College,http://www.felician.edu/
MY,Tunku Syed Sirajuddin Polytechnic,http://www.ptss.edu.my/
IN,AISECT University,http://www.aisectuniversity.ac.in/
CA,University Canada West,http://www.universitycanadawest.ca/
UA,Kiev National Economic University Named after Vadym Hetman,http://www.kneu.edu.ua/
US,Auburn University,http://www.auburn.edu/
KE,Inoorero University,http://www.iu.ac.ke/
US,Salem International University,http://www.salemiu.edu/
ID,Universitas Kristen Indonesia,http://www.uki.ac.id/
JP,Otsuma Women's University,http://www.otsuma.ac.jp/
US,Springfield College,http://www.spfldcol.edu/
FR,Ecole Normale Supérieure de Paris,http://www.ens.fr/
PL,Jagiellonian University Cracow,http://www.uj.edu.pl/
IT,Università Pontificia Salesiana,http://www.unisal.it/
AR,Universidad Nacional de Salta,http://www.unsa.edu.ar/
US,Bethel College McKenzie,http://www.bethel-college.edu/
JP,Nagoya Gakuin University,http://www.ngu.ac.jp/
US,New York Chiropractic College,http://www.nycc.edu/
DE,Universität Bremen,http://www.uni-bremen.de/
AT,Veterinärmedizinische Universität Wien,http://www.vu-wien.ac.at/
GB,University of London,http://www.lon.ac.uk/
ZM,University of Zambia,http://www.unza.zm/
PH,Philippine Women's University,http://www.pwu.edu/
PK,University of the Punjab,http://www.pu.edu.pk/
MY,Universiti Malaysia Terengganu,http://www.umt.edu.my/
IN,Annamalai University,http://www.annamalaiuniversity.ac.in/
SD,Omdurman Islamic University,http://www.oiu.edu.sd/
US,Southern Nazarene University,http://www.snu.edu/
US,Vermont Law School,http://www.vermontlaw.edu/
US,St. Bonaventure University,http://www.sbu.edu/
GH,All Nations University College,http://www.anuc.edu.gh/
DE,Hochschule Fulda,http://www.hs-fulda.de/
ES,"Universidad Internacional de Andalucía, Sede Antonio Machado de Baeza",http://www.uniaam.uia.es/
US,Boston University,http://www.bu.edu/
US,Philadelphia College of Bible,http://www.pcb.edu/
US,University of Iowa,http://www.uiowa.edu/
JM,"University of the West Indies, Mona",http://www.uwimona.edu.jm/
IQ,Al Maarif University College,http://www.auc-edu.org/
IN,"Indian Institute of Technology, Roorkee",http://www.iitr.ac.in/
